GROUP,PACKAGE,CLASS,INSTRUCTION_MISSED,INSTRUCTION_COVERED,BRANCH_MISSED,BRANCH_COVERED,LINE_MISSED,LINE_COVERED,COMPLEXITY_MISSED,COMPLEXITY_COVERED,METHOD_MISSED,METHOD_COVERED
aquaport,default,ValidadorMision,0,67,0,16,0,17,0,13,0,5
aquaport,default,ValidadorCapacidadCarga,2,21,2,2,0,4,2,2,0,2
aquaport,default,DroneBuceador,0,11,0,0,0,3,0,2,0,2
aquaport,default,PrioridadCriticaStrategy,0,11,0,0,0,4,0,2,0,2
aquaport,default,EstadoMision,0,33,0,0,0,6,0,1,0,1
aquaport,default,ValidadorBateria,0,14,0,2,0,3,0,3,0,2
aquaport,default,MayorBateriaStrategy,0,11,0,0,0,4,0,2,0,2
aquaport,default,RegistradorMisiones,0,39,0,2,0,11,0,4,0,3
aquaport,default,EmpoleonStreams,27,136,2,8,2,23,4,15,2,12
aquaport,default,Prioridad,0,27,0,0,0,5,0,1,0,1
aquaport,default,ValidadorZonaActiva,0,10,0,0,0,2,0,2,0,2
aquaport,default,DroneDecorator,0,30,0,0,0,7,0,4,0,4
aquaport,default,AsignadorAutomatico,12,134,0,16,6,37,5,15,5,7
aquaport,default,Mision,7,63,1,1,1,18,2,9,1,9
aquaport,default,AdaptadorAPIHidrica,9,69,1,5,2,17,1,5,0,3
aquaport,default,FalloDroneException,0,4,0,0,0,2,0,1,0,1
aquaport,default,ValidadorCondicionesHidricas,0,26,1,3,0,5,1,3,0,2
aquaport,default,ValidadorCadena,0,24,0,4,0,8,0,5,0,3
aquaport,default,CondicionesHidricas,0,15,0,0,0,6,0,3,0,3
aquaport,default,DroneConCifrado,0,16,0,0,0,7,0,3,0,3
aquaport,default,DroneSemisumergido,0,11,0,0,0,3,0,2,0,2
aquaport,default,NotificadorOperador,0,38,2,2,0,8,2,4,0,4
aquaport,default,CentroControlObserver,0,17,0,0,0,5,0,3,0,3
aquaport,default,CondicionAdversaException,0,4,0,0,0,2,0,1,0,1
aquaport,default,TipoCarga,0,21,0,0,0,4,0,1,0,1
aquaport,default,DroneAcuatico,4,65,0,2,1,20,1,13,1,12
aquaport,default,DroneConMonitoreo,0,16,0,0,0,7,0,3,0,3
aquaport,default,ConsultarFlota,5,159,2,6,1,30,3,16,1,14
aquaport,default,ZonaInactivaException,0,4,0,0,0,2,0,1,0,1
aquaport,default,BateriaCriticaException,0,4,0,0,0,2,0,1,0,1
aquaport,default,EstadoDrone,0,39,0,0,0,7,0,1,0,1
aquaport,default,PlanificadorRuta,2,117,4,10,0,24,4,5,0,2
aquaport,default,ConsultorFlotaV2,1,73,1,5,0,17,1,11,0,9
aquaport,default,DroneFactory,3,50,0,6,1,7,1,5,1,1
aquaport,default,CustodiaInterrumpidaException,0,4,0,0,0,2,0,1,0,1
aquaport,default,Waypoint,0,27,0,0,0,10,0,5,0,5
aquaport,default,Mision.Builder,30,101,9,11,6,29,9,11,0,10
aquaport,default,DroneSuperficial,0,11,0,0,0,3,0,2,0,2
aquaport,default,ZonaCercanaStrategy,0,9,0,0,0,4,0,2,0,2
aquaport,default,TecnicoMantenimientoObserver,0,10,0,0,0,4,0,3,0,3
